id,UserName,PhoneNumber,CreateTime
1,Kimmie Woodham,7359198969,2024-05-21
2,Reeba Malatalant,9066899185,2024-04-08
3,Cherish Holton,6044557266,2023-10-12
4,Jermaine Sands,1655912759,2024-01-10
5,Brittne Braffington,5062617709,2023-11-08
6,Kelley Labone,5884704710,2024-09-16
7,Brett Rainsden,3633304660,2024-05-02
8,Marcellus Gendrich,1579257318,2024-04-30
9,Arnie Pummery,6117918492,2024-07-30
10,Judie Frudd,9468838327,2024-05-03
11,Webb Ewenson,3425887177,2024-08-26
12,Clarence Inker,1967306272,2024-04-15
13,Amanda Parry,3959755236,2024-10-12
14,Rodolph Bielfeld,8605833112,2024-09-14
15,Winifred Gillett,8795649373,2023-12-22
16,Kearney Boyde,1129435238,2024-09-14
17,Sandy Bauman,4869757360,2024-09-04
18,Marika Isaaksohn,3566422310,2023-10-11
19,Gregorius Airey,9476099004,2024-10-01
20,Virgie Albery,2477683549,2024-04-18
21,Christen Titmuss,9748319773,2024-06-26
22,Laurella Osgood,8971545364,2023-11-06
23,Feliks Pascall,5282727918,2024-03-30
24,Karon Karlqvist,1288673378,2024-06-10
25,Lorri Chitham,6352671785,2024-09-12
26,Cy Slainey,9971602487,2024-02-29
27,Deni Gutierrez,4011584233,2024-08-20
28,Aylmer Gowman,5807801081,2024-05-28
29,Ivonne Genery,5104017365,2024-05-24
30,Suzanna Stanhope,8488825265,2024-09-05
31,Stanislas Corre,6754574050,2023-10-04
32,Cammy Pridham,2987156849,2024-03-31
33,Eldon Hoopper,4083864974,2024-10-11
34,Urban Plumer,6813492519,2024-05-24
35,Riordan Smallridge,2002481038,2024-10-05
36,Cordy Hook,1595051743,2024-02-04
37,Andrea Faithfull,1875719136,2024-01-31
38,Ailene Dobby,8175122882,2024-04-04
39,Kennith Castaner,6078800454,2024-03-10
40,Germain Raimbauld,6167600271,2024-06-12
41,Carolan Peasegod,4966224325,2024-10-22
42,Melantha Stent,4186025360,2024-07-27
43,Leigha Hammersley,1734464197,2023-11-06
44,Guthrie Phillpotts,2009671028,2024-10-23
45,Leandra ducarme,2058020627,2024-01-09
46,Marline Woodlands,2189503084,2023-11-29
47,Andi Nickell,8498181412,2024-04-04
48,Thibaut Groome,7821800162,2023-11-21
49,Marlyn Stallworth,4372950680,2024-02-12
50,Baron Aizikovitz,2937629985,2024-08-20
51,Lane Tuerena,8599868520,2023-12-28
52,Felice Strelitz,1282486826,2024-08-10
53,Cobbie Waddicor,9684926274,2024-07-19
54,Walliw Ronnay,7243128736,2024-07-23
55,Kippy MacLachlan,3819085849,2024-05-07
56,Falkner Beining,9955767444,2024-06-12
57,Byrom Deer,4541250672,2023-11-27
58,Hewie Durman,7289872914,2024-07-18
59,Timmy Sissens,6704793197,2024-04-21
60,Maiga Gooders,9534173646,2024-08-14
61,Abeu Abethell,7122695529,2024-02-04
62,Muriel Coppen,4524689357,2024-06-18
63,Marvin Brody,8582459293,2024-02-05
64,Gery Yeomans,9832280894,2024-01-28
65,Jojo Masding,9253976524,2024-02-01
66,Nicholle Lorriman,9123397512,2024-03-28
67,Mame Bohea,8723880048,2024-08-03
68,Marty Renfield,6291541337,2024-04-11
69,Lorrie Rostern,9886106195,2024-09-19
70,Devlen Need,8313211725,2024-01-05
71,Roanne Twydell,1091501256,2024-08-23
72,Judie Vidgeon,9996665213,2024-05-07
73,Adele Snaden,9962553786,2024-03-15
74,Calhoun Winny,1441506278,2024-09-20
75,Teirtza Mendoza,7656543862,2024-10-05
76,Valentia Hrycek,3245760575,2024-02-09
77,Raff Wandrack,1278035477,2024-02-07
78,Giffer Raffin,6563743324,2024-04-11
79,Bel Di Roberto,6932105474,2023-11-22
80,Devan Dawks,1047967575,2024-05-21
81,Ewart Tetsall,4262781619,2024-07-22
82,Chet Moultrie,9365486941,2024-06-22
83,Mair Aristide,7484652110,2024-03-11
84,Tristam Verny,1107147455,2024-10-06
85,Thorstein Lathe,3966192828,2024-04-26
86,Hanna Hattam,9089801095,2024-05-08
87,Elfrida Nornasell,3347176611,2024-08-23
88,Morty Collete,8763925349,2024-01-12
89,Allix Stoner,8627510836,2024-10-26
90,Annelise Sedge,4212781334,2024-08-22
91,Brigit Joust,2877308784,2024-02-19
92,Auroora Collyns,8167886263,2024-09-06
93,Latrena Newbegin,4122032574,2024-07-21
94,Tyson Cottom,2871955994,2024-02-15
95,Olag McFade,3696696753,2023-12-28
96,Sky Devereu,6495351634,2023-12-26
97,Micheil Weaben,7178595255,2023-10-29
98,Richard Dockerty,6886561026,2024-04-12
99,Adriano Howsin,2353642490,2024-04-09
100,Hammad Elt,6413952685,2024-01-09
101,Abbe Leavens,9491709193,2024-06-08
102,Gaelan Bothram,7612919395,2024-04-23
103,Pauly Phant,2936568461,2024-04-17
104,Dottie Brambill,3541969475,2024-03-27
105,Anna-maria Tookey,3217700510,2024-04-20
106,Tami Assiter,1564714309,2024-01-31
107,Allissa Calliss,6506614608,2024-06-16
108,Antonina Downing,7766993825,2024-07-26
109,Elianore Rothman,9286873941,2024-02-02
110,Bella Castledine,9255905953,2023-11-12
111,Alphard Badby,4172691430,2023-10-14
112,Chad Eskrigge,2068599589,2024-05-17
113,Penrod Farries,9838879773,2024-09-07
114,Wald Hymans,4465216948,2023-10-02
115,Kelcey Strongman,6423752708,2024-08-29
116,Wittie Plackstone,1777223487,2024-01-22
117,Blondelle Buckney,2793390315,2024-02-28
118,Flint Manuele,7054783745,2024-09-02
119,Flossie Kilroy,7548862667,2023-12-22
120,Kirby Sweedland,3603118136,2024-09-05
121,Frederick Gradon,5588879835,2023-12-16
122,Gabi Ortet,7442068424,2024-10-22
123,Siobhan Harrowing,1342103650,2024-03-24
124,Blakelee Sich,3694409084,2023-12-10
125,Jocelin Ashpital,6254515558,2024-09-24
126,Gabriellia Manterfield,8679921534,2024-07-22
127,Ange Wash,3626793881,2023-11-04
128,Stanleigh Cassells,4181326212,2024-03-21
129,Glenden Sewley,1829514128,2024-10-07
130,Kingsley Worvill,4448270162,2023-12-30
131,Melvin Evetts,8629203758,2024-07-11
132,Conny Jennick,9151608481,2024-01-28
133,Cherianne Werny,7211287580,2023-11-29
134,Phil Zuenelli,6554183832,2023-11-30
135,Hendrika Ladbury,2333430822,2023-10-04
136,Sigismundo Knutsen,1315187736,2024-07-01
137,Madalyn Southgate,1898584931,2023-11-01
138,Dorey Sprigging,7603617164,2024-08-26
139,Samson Kirsz,6834879376,2024-08-15
140,Yorker Farrin,1051643186,2023-10-27
141,Lissy Mully,2042877985,2024-03-10
142,Fredelia Allwell,1438405667,2024-10-04
143,Della Bartell,3188925443,2024-10-18
144,Ciro Gallafant,1937124125,2024-08-01
145,Emmalynne Watts,2094307635,2024-01-18
146,Jacquelynn McGibbon,7704246659,2024-04-12
147,Ahmad Tregiddo,6437636477,2024-03-11
148,Carry Shackleford,1512771159,2024-04-03
149,Lisbeth Perford,1785249635,2024-08-10
150,Basilio Nast,8205740342,2024-08-19
151,Freddie Schrir,1227100286,2024-09-18
152,Franciskus Gilham,9963553083,2024-01-04
153,Natty Rigts,2846857497,2023-10-08
154,Kitti Cornuau,7229399251,2024-08-09
155,Lori Cockran,9537542479,2023-12-31
156,Josi Brosini,6735376850,2023-11-26
157,Gwenette Dadley,3852266919,2024-01-27
158,Morgen Aloway,3656142814,2024-05-05
159,Chelsie Whelan,7552098843,2024-08-14
160,Colman Poynton,9895332218,2024-07-04
161,Davey Payn,5622648910,2024-06-06
162,Amerigo Domerq,8416071236,2023-10-23
163,Zedekiah Shimoni,9678646651,2023-11-11
164,Arlena Danielli,9588326980,2023-10-07
165,Anita Magill,7523832265,2023-11-01
166,Dareen Hadigate,6864932329,2024-03-29
167,Bryon Chavrin,6515295482,2024-07-22
168,Barr Braksper,9759245427,2024-06-29
169,Eugenie Mullane,3412828878,2023-11-20
170,Jarad Olivetta,6128433177,2023-12-01
171,Ianthe Sikorsky,1003798908,2024-08-15
172,Mab Morter,9493536657,2023-10-03
173,Laurens Batty,5898701307,2024-04-12
174,Miner Thexton,7041083282,2024-02-28
175,Sigismond Lamswood,3358096243,2024-07-06
176,Laura Brightling,8495893837,2024-01-24
177,Fabe Hillhouse,7957708825,2024-06-08
178,Trip Josephsen,7364845875,2024-06-13
179,Tonie Lawly,6572910749,2024-01-28
180,Nessa Tubb,2641098258,2024-03-01
181,Petr Garnul,2596746745,2023-10-03
182,Valeria Billingsley,2078300098,2023-11-17
183,Holden Ricci,4264745114,2024-03-04
184,Gaspar Mewitt,1655380290,2024-03-10
185,Bobbette Jadczak,4843750891,2024-03-19
186,Isiahi Frayling,7976185098,2023-10-26
187,Keary Grisard,3653471348,2024-09-23
188,Tiena Besantie,9999729620,2024-09-20
189,Clarance Swancott,6838921801,2023-11-12
190,Stewart Mahon,6553103643,2024-07-13
191,Bryanty McIlveen,2841182421,2024-10-13
192,Rafaello Bromby,7126079474,2024-06-22
193,Lauryn Yakhin,8753937992,2024-09-22
194,Schuyler Stannus,2521110771,2024-06-12
195,Whitman Braunfeld,8374848855,2024-06-15
196,Parry Thompstone,5341609334,2024-06-19
197,Efrem Sorel,7291986878,2024-01-04
198,Sibyl Scudder,2591636052,2024-02-04
199,Maurizia Aisbett,8179750507,2024-03-29
200,Nat Campling,9813152556,2024-06-11
201,Rogerio Tulley,8906513806,2024-02-02
202,Calla Lampl,5231592623,2023-11-21
203,Shanon Leyson,7368803427,2024-05-11
204,Lorna Kale,3789004234,2023-11-06
205,Tuckie Bemlott,5143194648,2024-07-28
206,Dore Doul,9254404436,2024-09-29
207,Bentlee Capper,9026755290,2024-04-13
208,Darn Hallums,5392321066,2024-10-18
209,Mariska Storrock,4131505882,2023-12-22
210,Clem MacGillicuddy,7974196791,2024-08-16
211,Ruby Glasspoole,4974376334,2024-09-19
212,Charmine Dalling,2833972245,2024-01-02
213,Farah McCard,4984587038,2024-08-20
214,Bond Kellington,6667584129,2023-12-27
215,Sandie Swatheridge,6575055461,2024-07-10
216,Sandra Stotherfield,2656948844,2024-02-01
217,Marie Dowber,8078073755,2024-06-12
218,Sarajane Cooney,6075513027,2024-03-02
219,Demetris Rolf,9968966580,2024-01-08
220,Rheta Covey,2562230273,2024-10-24
221,Jodee Messier,6288089654,2023-10-01
222,Rosabel Bernaciak,1306489322,2024-04-18
223,Jacquelyn Pinson,9059685404,2024-06-22
224,Zorine Langmuir,6465069997,2024-06-01
225,Cobbie Ludman,2182151318,2023-10-13
226,Valentino Brislan,7851012363,2024-03-16
227,Aleksandr Agge,8731800375,2024-08-24
228,Richmond Handy,3416563589,2024-04-21
229,Bear Stanworth,9289971306,2024-04-03
230,Liza Dalziell,3497011159,2024-08-08
231,Aridatha Ewles,3199846933,2024-01-09
232,Christie Triggol,4369044604,2023-12-19
233,Jania Dows,1177550880,2023-10-25
234,Gayelord Pascow,6513101893,2023-12-29
235,Reggy Eastwell,9964799013,2024-01-07
236,Bruno Nund,1704483989,2024-07-20
237,Janene Lohoar,3214614811,2024-01-31
238,Jolie Piscopo,5869003134,2024-09-29
239,Alyce Cabrales,3824871172,2024-07-27
240,Madalena Dolman,4955340874,2024-10-27
241,Octavia Rickson,6669815435,2023-12-20
242,Alard Goodban,4592133013,2024-10-14
243,Bellina Holstein,3503466782,2024-04-26
244,Hill Orgill,1435977049,2023-11-27
245,Layney Casserley,4396733813,2024-08-03
246,Tibold Gauge,9284325959,2023-10-17
247,Lucina McGrae,8947205922,2024-01-21
248,Kati McGarrity,6196852260,2024-07-05
249,Eve Pizzey,8876630138,2024-10-15
250,Dolph Van der Kruys,3141091227,2024-01-13
251,Pollyanna Chorley,9832996640,2024-02-17
252,Kyrstin Callicott,7961861855,2024-08-31
253,Clerkclaude Parsell,4401309552,2023-10-10
254,Marian Jewers,1783658208,2024-04-20
255,Lind Reneke,5851385976,2024-03-28
256,Elset Dondon,2769267824,2023-11-14
257,Gillan Connerly,5075115972,2024-10-05
258,Sim Ingerson,1027508872,2024-02-08
259,Lari Tolerton,7628481513,2024-08-12
260,Alys Kleinstub,9513507180,2024-05-23
261,Audy Creevy,1668619151,2023-10-31
262,Renata Morrison,8468165385,2024-03-22
263,Korry MacGettigen,2185388473,2023-11-22
264,Erv Liverock,5787488320,2024-09-26
265,Clayborn Severs,1829198452,2024-05-05
266,Robbie Cuningham,6132759632,2024-02-18
267,Julio Favel,1466277088,2024-07-10
268,Kahaleel Kebell,6623222387,2024-01-13
269,Cortney Boarder,5624617344,2024-10-24
270,Fayth Fawlks,4088060404,2023-10-30
271,Edvard Vautier,6651186490,2024-10-13
272,Mallory McMorran,3889275963,2024-09-11
273,Britteny Brimmicombe,9429651063,2024-08-19
274,Otho Prinnett,5123393279,2024-09-05
275,Mireille Diffley,1182561262,2024-10-22
276,Angy Rigardeau,8151877765,2024-08-28
277,Johannah Gamage,2809864518,2024-07-10
278,Julio Rowston,1197618108,2024-06-01
279,Penny Antoniottii,2143063224,2024-09-27
280,Humfrid Fitzer,9744458760,2023-11-25
281,Sianna Tassaker,9829936589,2024-07-10
282,Wells Castana,3411256170,2024-09-27
283,Jourdain Tommaseo,9581209495,2023-11-23
284,Vidovik Smewin,3235872562,2023-12-14
285,Zelig Rief,5066001296,2024-08-25
286,Franky Iapico,7191626797,2023-12-28
287,Nonnah Brunetti,4036024533,2024-01-26
288,Zeb Eaves,4473900415,2023-12-23
289,Joel Enston,1275119488,2024-02-02
290,Carey Collidge,8744829289,2023-10-08
291,Ulrika Piercey,1513009239,2024-08-06
292,Annecorinne Faill,5367881952,2024-07-21
293,Kathye Milhench,4239168408,2023-10-01
294,Michaella Bransby,9327423411,2024-09-20
295,Ann-marie Seyler,8381504186,2024-08-25
296,Mal Speariett,5515201765,2023-10-22
297,Jo Hockey,9769397692,2024-01-12
298,Orazio Blades,8993564953,2024-05-08
299,Lil Killiam,1442395599,2024-04-12
300,Silvana De Malchar,6166654791,2024-03-30
301,Gilly Niven,1685953999,2023-12-23
302,Filmore Shane,1731654075,2024-10-27
303,Alyson Jennrich,6986923490,2024-02-14
304,Katherina Antonomoli,3227312079,2024-08-09
305,Blondelle Hawtin,5469166321,2024-08-21
306,Dredi Denton,2829560638,2024-09-29
307,Elbertina Attle,2323858698,2024-02-06
308,Jeannette Millwater,6867099830,2024-04-06
309,Lyda Mease,9337699390,2023-10-01
310,Brandie Cotter,6431510835,2024-02-23
311,Marty Gretton,4133000612,2024-02-03
312,Daisy Giraudel,1746040194,2024-03-08
313,Rozella Mytton,7689782801,2024-02-16
314,Shirline McCay,9751310595,2024-04-23
315,Ingmar Houtbie,4415351148,2024-07-24
316,Hettie Laroze,4651225882,2023-11-23
317,Gerty Ellesworthe,5451417067,2024-10-19
318,Laverne Warin,1217406567,2024-05-06
319,Latisha Blackborne,4264397433,2024-10-20
320,Weston Tugwell,4155218062,2024-04-02
321,Zeb Cowdroy,7242907816,2024-08-26
322,Ardelis Franchi,6531447716,2024-07-31
323,Raffaello Tuvey,6431904033,2023-11-10
324,Joela Aldred,7346816213,2024-03-08
325,Gavra Neilands,4491399099,2023-11-13
326,Emilio Eccleshall,4964225252,2024-10-07
327,Aurie Spira,6096456578,2024-04-14
328,Kristal Ubee,5932781950,2024-09-25
329,Alena Chandlar,9881589906,2023-10-20
330,Burch Brundle,7954937402,2024-04-12
331,Care Helliker,6006987958,2023-10-31
332,Benn Woolley,6335446323,2024-02-24
333,Jermaine Bennett,8982158954,2024-01-11
334,Ginger Easseby,7414674084,2024-08-20
335,Gustie Coombe,6078586944,2024-08-17
336,Dorthy Schulken,7027007814,2024-06-05
337,Freedman Cage,1243701670,2024-07-01
338,Beulah Boulden,3505184886,2024-02-24
339,Teresita Sherbrooke,6083414708,2024-05-20
340,Bevan Collie,2047080439,2023-10-20
341,Hall Gritton,5231122705,2024-03-29
342,Iggy Ferrick,5839011836,2024-02-22
343,Rebekah Ayerst,2758271500,2024-03-26
344,Lenora McGaraghan,8255930540,2024-06-12
345,Clarette Worsham,3256412059,2024-03-24
346,Alaric Cawthery,9929990654,2023-12-15
347,Nye Ledekker,2625008495,2023-10-08
348,Hobard Itzak,6069164958,2024-09-04
349,Gav Hanford,2058923173,2024-04-25
350,Corby Goldstone,6464589074,2024-02-11
351,Derick Pinckney,1356260768,2024-09-14
352,Stefa Lehrle,5062459311,2023-11-11
353,Clareta Loveard,1195350723,2024-09-29
354,Lynn Skippings,4465788036,2024-10-14
355,Winni Bampkin,5124615013,2024-06-04
356,Kaja Pauls,4105029954,2024-07-20
357,Dionis Sawtell,8705888724,2024-05-25
358,Loreen Buesden,2644587230,2024-01-30
359,Tani Green,9475760446,2024-03-06
360,Douglas Sullens,7219522552,2024-06-13
361,Jacinthe Gauford,2922935286,2024-02-07
362,Benedict Gomar,4176954533,2024-04-24
363,Clerkclaude Douthwaite,9473464242,2024-03-21
364,Dav Peckham,1144683603,2024-09-15
365,Kory Speke,6904703819,2023-11-29
366,Oralla Doyle,8439701845,2024-04-19
367,Raimondo Balffye,2132383087,2024-03-06
368,Tamiko Gambles,6335667520,2024-01-28
369,Mateo Griston,6851530378,2023-12-14
370,Leandra Trotton,6187449670,2024-03-22
371,Thedrick Vidloc,8755576835,2024-03-11
372,Alleyn Rawlyns,5016613505,2024-08-12
373,Karisa Raven,6735716188,2024-10-19
374,Garek Gurton,3682072420,2023-10-28
375,Bernadene Cotton,1801647997,2023-12-10
376,Consuelo Collard,8773866377,2024-05-14
377,Willdon Yakolev,5775018072,2024-01-01
378,Stuart Bartholat,1716474928,2023-10-22
379,Mariana Illsley,8848922836,2023-11-27
380,Danyelle Tythe,2704902577,2024-05-06
381,Rodolph Beech,1273704967,2024-05-04
382,Burton Sleaford,2584578457,2024-01-03
383,Ambrosi Dilliway,3625420385,2024-08-05
384,Seymour Cowpland,6484598612,2023-10-31
385,Ramon Buckthorpe,2984352369,2024-01-14
386,Stormie Facchini,9724915237,2024-05-25
387,Felix Weatherhead,9805246891,2023-12-27
388,Vivia Ferenc,3863062481,2024-01-23
389,Jobie Pinnere,5267300907,2024-07-28
390,Dewey Fluck,5876403894,2024-01-27
391,Tori Braunthal,2081093782,2024-06-01
392,Yolanthe Bowmer,9591072225,2023-11-24
393,Eveleen Cooksley,4481644719,2023-10-18
394,Flory Rockingham,2742732851,2024-02-11
395,Nessa Woodison,1371752021,2023-11-19
396,Aylmer Ruspine,6972375550,2024-03-23
397,Oralee Kirrens,5188615352,2024-04-08
398,Kareem Ewan,7365795531,2024-03-31
399,Katrine Maddern,1071962448,2024-02-20
400,Brendis Napoleon,5289210228,2024-06-17
401,Ailis Harken,2122281880,2024-03-06
402,Brandon Udale,3101657699,2024-06-27
403,Adelle Comrie,1855484326,2024-03-31
404,Dwight Mauvin,4292205036,2024-01-27
405,Camey Maylour,4874877554,2024-02-28
406,Barnabas Aspinal,8159774607,2024-04-28
407,Gwenny Quantrell,4703375069,2024-07-19
408,Nicoli Hargreaves,2561096180,2023-11-13
409,Raul Alison,7346653708,2024-03-19
410,Gilles Lerer,7327751015,2023-11-12
411,Helenelizabeth Jablonski,1683327622,2023-12-06
412,Orly Perree,8531973496,2024-03-22
413,Rubetta Wardale,1708828349,2024-05-10
414,Kris Traise,6313094928,2024-04-07
415,Rees Anthoin,8752284453,2024-08-26
416,Dori de Keep,9451908126,2024-07-31
417,Coletta Dulieu,2019353561,2024-05-10
418,Betsy Berkeley,1628150063,2024-03-22
419,Mariana Arnauduc,4842018093,2024-06-16
420,Elvis Doore,5181925323,2024-04-03
421,Skyler Clitheroe,6916505147,2023-11-04
422,Celle Branston,9002964445,2024-03-27
423,Amity Dowle,7261348271,2024-10-03
424,Zacharie Neubigging,7206501449,2024-04-17
425,Paxton Lees,2868188093,2024-08-19
426,Nat Offell,4431463452,2024-03-13
427,Harmony Taplin,6315962205,2024-03-25
428,Philis Light,8461440650,2023-10-09
429,Cleavland Frizell,7049730534,2024-05-03
430,Kessia Alway,6065589387,2024-04-18
431,Franny Ong,6357973707,2024-07-10
432,Rena Pollett,7035339786,2024-09-01
433,Barthel Denerley,3336650336,2024-04-11
434,Matt Farady,6248436107,2024-07-02
435,Sandy Emerson,8846374335,2024-09-07
436,Seumas Sarath,1907967557,2024-02-13
437,Tabbatha Brownscombe,1974843559,2024-08-29
438,Mia Edgson,6177071930,2024-02-12
439,Alys Arsey,3919003404,2024-02-08
440,Susi Baptist,5417920285,2024-08-11
441,Ulberto Jerger,9301320899,2024-03-24
442,Farrell Gripton,1581610830,2024-04-26
443,Thayne Sharpley,4761421221,2024-06-05
444,Sherwynd Goodwyn,5265246631,2024-01-16
445,Dotty Mendel,3198977157,2023-12-22
446,Antonino Watmough,4793791222,2024-02-13
447,Timothea Motton,1764740214,2024-06-02
448,Boot Harvison,3038211146,2024-08-24
449,Reena Whiff,9098610804,2024-05-31
450,Graig Nelle,6864029651,2023-10-25
451,Joanna Garroch,6747869319,2024-01-09
452,Mary Sheran,8758951174,2024-02-21
453,Ronda Sousa,8846167966,2024-09-25
454,Muire Medlicott,4199188248,2024-03-23
455,Eleonore Durning,2678271107,2023-10-14
456,Vitia Trelevan,4972235438,2024-02-13
457,Romonda Gibbard,6806049005,2024-01-16
458,Georgia Dominguez,5011417942,2024-07-02
459,Berty Minards,6975520036,2024-04-17
460,Reade Firsby,8433314510,2024-07-18
461,Tierney Coleson,2865374509,2024-08-07
462,Howard Manwell,1737762841,2024-05-29
463,Freddie Bernadon,7577658179,2024-08-17
464,Nikolos Covell,8918755636,2024-10-08
465,Aili Aberdeen,2284082435,2023-12-23
466,Austin Sibun,5718771018,2024-06-16
467,Rafaelia Greveson,9584308955,2024-06-15
468,Hubey Bendell,1066883474,2024-03-13
469,Enrica Bohike,3809157801,2024-07-19
470,Kennith Spadelli,8621900387,2023-10-17
471,Rodi Mannock,3241663448,2024-02-15
472,Marlow Harback,6802672180,2024-07-10
473,Kimball McKinnell,3918941388,2024-04-29
474,Jami Flahive,1045859738,2024-07-16
475,Timofei McQuie,1416713513,2024-06-04
476,Cassandre Strethill,1982848686,2024-10-18
477,Jenine Hurlestone,4501840648,2024-03-10
478,Lily Marshal,9982924068,2024-02-23
479,Kim Lynett,7687698993,2024-03-09
480,Gayel Fay,6374829733,2024-10-05
481,Nesta Gonsalvo,5882359041,2023-10-27
482,Sayre Volett,5972305401,2024-09-06
483,Giovanni Fulton,1858580636,2023-11-25
484,Konstantin Farnan,2616666800,2024-07-16
485,Skelly Walsham,3668126515,2024-08-10
486,Alasteir Winckles,3956287457,2024-09-13
487,Row Claricoates,5646536237,2024-06-07
488,Yvonne Coulthard,4709276054,2024-08-01
489,Nan Cokly,5903026379,2024-07-10
490,Korry Bourdas,2703771884,2024-06-03
491,Meghan Conklin,4136775639,2024-01-08
492,Ari Mellsop,7582385104,2024-08-15
493,Gibby Kelloch,2448677694,2024-06-24
494,Mirella Cockaday,3983193888,2024-05-28
495,Kit Stannett,8437957412,2024-02-15
496,Rick Hallybone,1927756764,2024-10-15
497,Brigitte Lanphere,5993461425,2024-05-09
498,Theodosia Justun,1737855131,2024-06-30
499,Wyn Wison,7506155747,2023-12-12
500,Giulia Durnan,2022215154,2024-06-28
501,Stuart Vyse,8366159642,2024-08-20
502,Gayle Livingstone,1664392120,2024-01-11
503,Davine Lucken,5562909300,2024-01-01
504,Gun O'Kuddyhy,8273487773,2024-07-16
505,Lina Bank,2134637340,2024-10-14
506,Jory Volk,6014534337,2024-07-25
507,Corissa Risen,9544713698,2024-01-17
508,Marinna Akeherst,3275473808,2024-09-27
509,Hollyanne Yarham,2465111068,2024-04-09
510,Newton Miroy,5561687712,2023-10-15
511,Aundrea Cescot,8011495757,2024-07-20
512,Kassie McLeman,2657501937,2024-08-09
513,Rriocard Durrett,1814564929,2023-10-10
514,Geri Ormes,7211903426,2024-10-26
515,Waverly Copnell,6782092322,2024-01-25
516,Delaney Rogge,3903216101,2024-01-26
517,Clint Tilte,9183210170,2024-09-17
518,Karyl Melloy,3775908069,2024-06-18
519,Krispin Masser,9152461150,2024-09-13
520,Malvina Marczyk,9395106524,2024-10-02
521,Uri Duley,6993398861,2024-01-10
522,Danny Kryszkiecicz,9136809824,2023-12-13
523,Valaria Gianetti,4046032018,2024-03-14
524,Arabele Dulwitch,4375820161,2023-12-11
525,Miran Hoy,1054965466,2024-05-16
526,Nance Gostyke,9106158826,2023-12-17
527,Tobe Bletso,5242651016,2023-11-18
528,Lindsey Puckring,1755144739,2024-06-25
529,Donnie Aslam,5611199592,2024-07-29
530,Ettore Akess,1781744536,2023-10-04
531,Raychel Merrgan,2588812733,2024-04-29
532,Eb Boc,4115449351,2023-10-17
533,Derward Dalgarnocht,5243219246,2024-10-17
534,Gale Morrice,2283789004,2024-01-01
535,Claudina Wheelan,5441805907,2024-02-26
536,Carolin Clarycott,7105354270,2024-07-30
537,Rustin Pyatt,6022733888,2024-04-14
538,Purcell Duffin,3362119615,2024-09-20
539,Hertha Deniske,5166530180,2024-08-20
540,Shirlene Addyman,9601541658,2024-05-16
541,Yolane Brockton,3199738343,2023-10-26
542,Erek Garmans,7915575251,2024-05-28
543,Sarajane Colwell,4879049540,2024-09-27
544,Tawnya Ketteringham,7578480840,2024-05-29
545,Kaitlynn Feasby,1624587072,2024-06-07
546,Dinny Mac Giany,9915846291,2024-07-22
547,Gustaf Holgan,8503562746,2023-11-04
548,Daven Beckensall,9705458125,2023-12-20
549,Mirabel Crewe,7184639716,2024-01-02
550,Jephthah Jeffrey,9972118968,2024-03-22
551,Kalina Eberle,2239271868,2023-12-19
552,Brew Ambroix,8012915477,2024-02-15
553,Giffy Adamczyk,7756694556,2024-07-04
554,Tobe Merriman,5787580108,2024-03-29
555,Fulvia Wilkins,4376765972,2024-01-23
556,Elbertina Naton,5099301707,2024-02-15
557,Julita McVitie,5821634297,2024-04-21
558,Laurella Durker,6062565192,2024-03-03
559,Lucho Pemble,3771639738,2023-12-27
560,Kimberly Vasilevich,5427762165,2024-01-27
561,Kingsley Tumioto,1743481985,2024-05-25
562,Sharia Wayne,7085326004,2024-08-19
563,Amalita Bavidge,7674829706,2024-02-11
564,Corella Topliss,1828904049,2024-01-12
565,Kaylil Ventum,9162220525,2024-03-07
566,Jock Ife,5856575006,2024-08-16
567,Aurelie O'Caherny,3481776105,2024-05-10
568,Todd Stovin,8616934492,2024-01-31
569,Claus Ruske,3161378155,2023-12-18
570,Alissa Mazey,5868259789,2024-08-20
571,Roanne Boraston,4599845027,2023-11-30
572,Rory Fromant,4151750301,2024-07-28
573,Mary Greengrass,6377788951,2023-10-28
574,Ada Addionizio,9103526710,2024-09-07
575,Roarke Seamon,8929445363,2023-11-11
576,Ange Battram,1715749061,2024-09-26
577,Iona Pepye,9875471332,2024-07-06
578,Rebekah St Louis,6209564689,2024-09-19
579,Thurston Sijmons,6245886505,2023-11-11
580,Ewen Moyser,4772787100,2024-05-29
581,Melany Blackborn,4126804276,2024-02-29
582,Nicolea Ugolotti,8105792725,2024-04-01
583,Jojo Wulfinger,7267963468,2024-04-06
584,Kira Adney,2253706972,2024-08-20
585,Edmund Bambrugh,7938526888,2024-10-27
586,Rebeca Howels,2771159398,2024-07-31
587,Legra Waggatt,1926960580,2024-01-29
588,Lotte Brownsill,8558795469,2024-09-26
589,Darren Soares,3331921726,2023-11-01
590,Jobey McKinstry,7085645013,2024-06-06
591,Melvyn Weson,8594806125,2024-02-18
592,Jermaine Swine,9874118366,2024-01-13
593,Bert Lawleff,1091332112,2024-01-09
594,Ruthanne Northen,4323351961,2024-01-14
595,Arthur Gribbin,3348350952,2024-03-02
596,Anna-diane Cumpton,6425229884,2024-05-27
597,Lindy O'Coskerry,2855920493,2023-10-03
598,Udale Kenewell,3579641078,2023-12-26
599,Vernor Pettie,4655175703,2024-10-03
600,Tad Lymbourne,8531427561,2023-10-31
601,Lester Rau,9631765880,2024-10-26
602,Nichole Auton,9339114376,2024-04-07
603,Ad Rodder,9122132777,2023-10-11
604,Isabeau Johnston,1981736198,2024-08-19
605,Abie Click,5101306095,2023-10-17
606,Hirsch Klewi,4167164244,2024-01-03
607,Leonore Smithson,5801411541,2024-01-01
608,Lonna Langham,8338225091,2024-06-01
609,Noah Bendin,9309424248,2024-05-16
610,Werner Grahamslaw,5497795773,2024-08-03
611,Fons Assur,2838063247,2024-05-30
612,Carolann Bemand,9278597977,2024-07-24
613,Hubey Spiby,4793543260,2023-11-03
614,Vittorio Feenan,6483185504,2024-04-17
615,Evvy Merrell,5111487603,2024-07-30
616,Cori Diplock,4672267100,2024-06-27
617,Ely Palser,3802272107,2024-03-21
618,Obadiah Baylis,7945372349,2024-04-23
619,Sheela Bentall,2533546515,2024-01-06
620,Ryon Klulik,2997468201,2023-12-11
621,Arte Ploughwright,8505009822,2024-02-22
622,Lillis Withringten,2792245951,2024-02-17
623,Lory Skeldinge,2713507349,2024-05-13
624,Duff Lalevee,2463226623,2024-09-23
625,Nicole Gregoli,7279689075,2024-08-02
626,Elnore Brigginshaw,7185099877,2024-08-01
627,Cyril Ditty,3305540999,2024-02-28
628,Leonanie Crosse,9178463177,2023-12-07
629,Andra Mullarkey,5269058134,2024-03-22
630,Maureene Pluvier,2792466345,2024-04-23
631,Magnum Haill,9162885117,2024-04-29
632,Jerrold Taw,2719429488,2024-07-19
633,Darbie Borgne,7975817117,2024-05-22
634,Gordie Schmuhl,5375903984,2023-12-10
635,Arvie Iddiens,2581069749,2024-04-28
636,Ronica Feechan,8654491312,2024-06-11
637,Howie Jencey,4423077821,2023-12-14
638,Jerrie Duetsche,9824854525,2024-03-02
639,Sydney Kensett,4358868355,2024-05-23
640,Adrien Betjes,6553922807,2023-10-06
641,Marshall Gepson,4014523388,2024-08-08
642,Nevins Trappe,1485479920,2024-02-20
643,Rosmunda Tulip,1488932911,2024-01-04
644,Quentin Mucillo,1699402540,2024-09-10
645,Caesar Jockle,6807252235,2024-01-09
646,Ephrayim Billam,3585205785,2024-02-12
647,Alfy Borghese,5432942803,2024-03-11
648,Willard Bredbury,3189760825,2023-12-17
649,Nickolai Russilll,7978748348,2024-06-16
650,Tracy MacKimm,1882519009,2024-01-13
651,Bryce Buxsy,8443454422,2024-09-25
652,Shanie Auchterlonie,3084417431,2023-12-15
653,Rod Jurca,7923397226,2024-07-09
654,Lorin Guyon,7175139056,2024-08-27
655,Orelie Vlasov,3793979134,2024-07-13
656,Rachele Perrelle,6231473823,2024-09-28
657,Fayth Vasquez,7996784911,2023-10-14
658,Robena MacConchie,2608494620,2024-03-12
659,Katharyn Kienzle,7424089769,2024-03-13
660,Lizzy Alesbrook,8888792105,2024-07-04
661,Washington Sutherley,7649879803,2023-11-24
662,Raychel Stitt,1173666728,2024-03-12
663,Terrence Bastard,3349149473,2024-10-23
664,Neille Nangle,5399024009,2024-06-14
665,Chris Mirfield,2754560836,2023-10-04
666,Nicolais Ewdale,9213941315,2024-03-10
667,Worthy Gaynes,6681477926,2024-05-30
668,Anastassia Sharma,8686673954,2024-06-19
669,Caty Beed,8909946852,2023-11-20
670,Vinny Casino,1499490348,2024-09-05
671,Annette Micheli,9626900237,2023-10-25
672,Britte Carragher,9113910221,2024-06-14
673,Bertram Towlson,9252846628,2024-09-28
674,Rheta Yukhnov,3637797197,2024-07-30
675,Matthiew Gare,7569478126,2024-06-06
676,Allina Mitkov,8873098801,2024-10-20
677,Olwen Andreuzzi,9215889635,2024-05-19
678,Jacenta Measey,9869101493,2023-10-03
679,Shelbi O'Corrigane,5452606148,2024-09-20
680,Trueman Cogswell,9062088303,2024-07-06
681,Munroe Innocent,6288508681,2023-10-27
682,Faythe Faithfull,4318070382,2023-11-01
683,Pippo Dumbare,6225735191,2024-05-14
684,Paul Sumpter,6077816315,2024-08-22
685,Gaby Gildersleeve,7446504837,2024-03-13
686,Alvera Dymoke,3473639044,2024-10-20
687,Daven Alcorn,8814105103,2024-03-19
688,Zachery Sanney,4254018171,2024-06-16
689,Corrie Leppard,8157603905,2024-09-07
690,Allissa Stothert,8005986358,2024-05-10
691,Kellsie Mishaw,7391501788,2024-03-01
692,Mable Cordel,4263996410,2024-04-04
693,Mindy Winston,9202899518,2023-10-10
694,Pammie Paget,4268328878,2024-03-21
695,Jacky Sigert,9884226488,2024-03-18
696,Grata Di Carli,3797505852,2024-10-23
697,Caroljean Dorow,5429035683,2024-02-29
698,Austin Cattenach,3462075786,2023-12-25
699,Kerrill Sainsberry,6458581141,2024-08-18
700,Lou Alfwy,8248495914,2023-10-08
701,Kial Mailey,1919760962,2024-06-23
702,Gard MacLucais,7238303954,2024-04-30
703,Ansley Quimby,6499626117,2024-04-14
704,Constancy Dauncey,6249732766,2024-04-25
705,May McFie,7341830603,2024-06-29
706,Katheryn Pape,9502729982,2023-11-08
707,Keefer Yitzhak,5509513572,2023-10-11
708,Cam Cuell,6514173294,2024-09-19
709,Lanie de Zamora,2199585851,2024-03-01
710,Filide Shillam,6592928284,2024-08-25
711,Shelia Joslow,4877269221,2024-09-12
712,Verene Chretien,5668151346,2024-09-06
713,Millicent Nelius,6909556362,2024-07-22
714,Johannah Glendza,5605224852,2024-01-06
715,Emalee Arnholtz,8461277890,2024-01-14
716,Myra Luckwell,3395409717,2024-01-13
717,Deborah Lindstedt,8804664176,2023-10-26
718,Templeton Desquesnes,8852045887,2023-10-15
719,Shayla Snuggs,2552427823,2023-10-22
720,Imelda Ilott,9992444576,2024-01-31
721,Grace Schoular,4329051478,2024-06-01
722,Chaim Chaston,4393384743,2023-12-20
723,Alicia Bruinemann,9448714335,2023-10-31
724,Steffie Ferby,9397288638,2024-08-08
725,Jojo Perin,1325023154,2024-05-09
726,Marlowe Walcar,5792069212,2024-02-12
727,Morie Halshaw,1642522121,2024-03-17
728,Marcos Coburn,7651131414,2024-03-05
729,Field Ripley,8138612841,2024-01-20
730,Billie Latchmore,8392425716,2023-10-06
731,Hew Haythorne,2331045079,2024-01-11
732,Harlene Dugood,6293098680,2024-06-07
733,Mareah Greystoke,9866815832,2024-10-22
734,Kay Pedrazzi,2066266120,2024-09-24
735,Ema Creaven,7989543026,2024-01-27
736,Gerik Boost,2311429490,2024-07-25
737,Hall Hilliam,2706267757,2023-11-17
738,Lamar Stoite,4221132680,2024-07-06
739,Hasheem Leggin,3502086940,2023-12-20
740,Graehme O'Kinneally,3497846257,2024-09-27
741,Christalle Steels,7077315958,2024-03-27
742,Katalin Frude,2947357542,2024-10-21
743,Frank Confait,7861723467,2023-10-20
744,Noelani Greasley,4156378268,2024-07-29
745,Nate Follan,6487068872,2023-12-07
746,Ulla Wasselin,9492250699,2023-11-16
747,Joni Zammitt,1676973452,2024-08-09
748,Garrot Gudahy,4769694881,2024-10-09
749,Gavin Gocke,3025765262,2024-09-10
750,Westbrook Younge,7092521433,2024-06-19
751,Nalani Saunt,1592769405,2024-06-29
752,Evie Shwalbe,8251949304,2023-11-22
753,Horacio Core,3591755570,2023-11-22
754,Myrlene Gasker,9166221033,2024-02-19
755,Killian Canedo,6139985328,2023-12-05
756,Sam Dight,9621005636,2024-06-14
757,Lev Daybell,3099821910,2024-06-08
758,Idalina Magnus,9744484848,2024-04-16
759,Poppy Red,7041939864,2023-10-05
760,Katine Purse,9667883930,2024-01-15
761,Jeremias Malim,6409236687,2023-12-27
762,Towney Spurrett,1607006031,2024-08-06
763,Edgard Nussgen,2187868687,2024-09-11
764,Marcia Ashley,6471427103,2024-10-08
765,Aubrey Olivier,7774852334,2024-06-12
766,Joby Haggerty,3191403261,2023-12-11
767,Moritz Gillicuddy,8741695972,2024-08-05
768,Samuel Jirsa,8203735860,2024-04-15
769,Laurence Esplin,3652447875,2024-01-03
770,Sarette Coolson,8388323542,2023-10-27
771,Vickie Brameld,9675908536,2024-01-06
772,Traci Urion,9899353330,2023-10-25
773,Rolf Giacopazzi,4274533566,2024-10-25
774,Seline Baitson,6427836168,2024-09-26
775,Regen Bockman,6795333506,2024-07-13
776,Carma Anear,6724605131,2024-06-22
777,Winifield Vowden,3024186530,2024-07-18
778,Carlyle Beckinsale,8005366163,2024-05-30
779,Eugenio Sporrij,2729375958,2023-11-17
780,Antons Fall,5645057787,2024-05-02
781,Brucie Hugland,1498794554,2024-09-28
782,Phylis Clemoes,8665390650,2023-10-26
783,Mirilla Drinkall,5514041632,2024-04-23
784,Starlene Eason,4015367486,2023-10-07
785,Belva Guerrero,9431582855,2024-09-30
786,Darice Kulicke,1785967072,2024-05-30
787,Abran Mash,8845114636,2024-01-30
788,Kerry Ivanin,8998683955,2023-12-27
789,Helenelizabeth Brampton,8614728916,2024-05-07
790,Cairistiona Heinish,5429977155,2024-08-07
791,Jacob Colyer,9095605046,2024-05-21
792,Teddy Bartrop,1827020767,2024-10-15
793,Claudell Pattingson,8946634541,2024-02-16
794,Myrtie Sword,5047946667,2024-10-25
795,Peyton Pingston,5073222076,2024-06-10
796,Barnard Bland,6583244140,2024-04-11
797,Angil Hentze,5498215975,2024-06-28
798,Bernard Atkirk,7429447387,2024-05-13
799,Terrie Leyton,7004126499,2024-07-31
800,Selle Burberow,7301982504,2024-10-14
801,Kip Orange,9132739197,2024-09-07
802,Deane Lepere,3026960262,2024-09-10
803,Clarabelle Kimpton,7726306324,2023-11-09
804,Norris Cole,1345767193,2024-04-21
805,Herculie Polglase,1552719277,2024-02-29
806,Burl Jozwik,7945376890,2024-07-18
807,Dian Rigate,3112830512,2024-10-25
808,Melessa Morrish,4161698636,2024-05-10
809,Hope Skullet,8761117873,2024-02-29
810,Guntar Brotherheed,9521008303,2023-10-22
811,Poppy Chellam,1493609776,2024-04-09
812,Samara Furminger,9984964713,2024-07-02
813,Randy Todarello,6454169159,2024-10-01
814,Gerhard Lent,4454556432,2024-09-19
815,Aubrette Gouldsmith,6023617234,2023-10-14
816,Ronnie Navaro,7797638870,2024-01-10
817,Marlee Biasetti,1002634196,2023-11-28
818,Layne Bitchener,9125507168,2024-05-15
819,Raffarty Kirley,8207124120,2024-07-02
820,Jo-ann Aviss,1481603187,2024-03-05
821,Hubey Deschelle,1903545178,2024-10-25
822,Regina Zapater,6775938033,2024-10-14
823,Tierney Hedon,9627045216,2024-01-12
824,Rudolph Wilkie,5431318159,2024-10-13
825,Orelle Kubacki,3851348093,2024-09-28
826,Anne-corinne Sander,1775895853,2023-10-23
827,Rosana Owen,1079461173,2024-04-15
828,Marsha Cosker,6249566662,2024-04-21
829,Cam Connichie,5556136654,2024-06-20
830,Goldie Geely,1876301744,2024-06-20
831,Pamela Giuroni,6863603114,2024-02-13
832,Ellette Rabjohns,2756019594,2024-02-28
833,Patten Liver,6366366349,2024-07-08
834,Shurlocke Pridie,1204750848,2023-12-07
835,Zacharias Leinweber,5745243936,2024-08-17
836,Hamish Golledge,9559595322,2024-07-03
837,Jo Pentlow,1475627913,2024-04-21
838,Moises Fountain,2303093668,2023-12-13
839,Ashil Deller,9988760751,2024-04-23
840,Saunder Rankine,4411916741,2024-07-30
841,Antonetta Sayburn,7418591178,2024-09-25
842,Kathye Sokill,8388360258,2023-10-10
843,Inger Castro,4993078135,2024-09-01
844,Cami Peabody,2075518105,2024-08-05
845,Thomasin McSherry,5924157798,2024-07-08
846,Bertine Vardon,5276345493,2024-09-25
847,Hyatt Moran,2545034019,2024-03-16
848,Ogden Dorant,6923971999,2024-04-06
849,Harland Seedull,1665812973,2023-10-04
850,Gael Coppock.,8012254626,2024-09-16
851,Zonnya Blomfield,3382454690,2024-10-16
852,Catherine Kobes,9446854053,2024-06-05
853,Barris Cloonan,8505832920,2023-12-20
854,Cynde Barr,5754606218,2023-10-25
855,Irena Eliaz,2837419319,2024-06-02
856,Renaud Queyeiro,9067423645,2023-12-29
857,Rudy Karchowski,4893185169,2024-02-05
858,Marmaduke Scain,4099605415,2024-06-13
859,Allyce Brambill,6285379999,2024-08-08
860,Seline Rodliff,8013980068,2024-05-23
861,Petronilla Lauthian,8725898674,2024-02-23
862,Lorin Megainey,7456664597,2024-06-10
863,Giselle Kimbury,7118671551,2024-08-02
864,Wanda Cheatle,3146993377,2024-03-03
865,Chaim Woodley,7229080492,2024-09-21
866,Floria McGarry,8534571393,2023-10-15
867,Mariette Fitzgerald,8822353587,2024-06-27
868,Henrieta de Guerre,7491651398,2024-10-27
869,Libbey Prickett,3246079842,2024-01-22
870,Giovanni Cypler,2524912516,2024-06-08
871,Edward Liggons,2682710994,2024-04-04
872,Pedro Godding,2348973555,2023-12-05
873,Felizio Jonke,5754208246,2023-11-13
874,Clim Rance,9176782700,2024-10-18
875,Erik Olenchenko,3308670843,2024-02-05
876,Leanor Swan,3013045371,2023-10-11
877,Loy Brammar,3322665092,2024-03-01
878,Yettie Litchmore,3755016832,2024-08-02
879,Appolonia Grayne,9091784840,2024-07-08
880,Gradeigh Walby,9725160587,2024-07-11
881,Marena Brough,5558264799,2024-08-07
882,Hamnet Manoelli,5364157218,2024-09-15
883,Opaline Stowe,6488464517,2024-04-24
884,Myca Cabrera,3582843782,2024-04-17
885,Victoir Moores,3183888124,2024-05-13
886,Elnora Rockcliffe,9241855173,2023-12-11
887,Vi Hazeley,3373496085,2024-09-08
888,Tally Sent,6958311164,2024-03-11
889,Doro Rubens,7548589337,2024-07-19
890,Sabra Fronek,4833515190,2024-01-04
891,Berkie Welband,3864396440,2024-01-31
892,Elmer Healing,6976763379,2024-01-20
893,Agata Stuart,5335917591,2024-01-08
894,Laird Stearn,4231216837,2024-02-03
895,Martyn Murrison,4587944127,2024-10-20
896,Amelie Eddow,4752774476,2024-06-10
897,Taffy Hadenton,8718008533,2024-01-02
898,Francklin Duck,4258122001,2024-10-23
899,Hodge Fewless,8348787759,2024-02-03
900,Adlai Thurlow,6312757087,2023-10-31
901,Brendan Paule,3355451179,2024-07-12
902,Goldarina Rojahn,6097103286,2024-04-03
903,Aharon Beavan,3474285620,2023-12-17
904,Madlen Jahnke,8974592679,2024-10-06
905,Timi Riddock,6829416784,2024-04-29
906,Cristiano Kleinberer,5228657219,2023-12-02
907,Carri Coopland,8885584070,2024-06-19
908,Tish Greedyer,4351729656,2024-02-20
909,Dolores Rorke,5984033555,2024-06-12
910,Avril Ector,9595366624,2024-06-16
911,Camala Glede,7725327206,2024-05-14
912,Gilligan Steabler,2464118688,2024-08-03
913,Allyn McWilliam,2733956499,2023-11-30
914,Louise Venus,1906079885,2023-12-05
915,Avery Kennham,6859525302,2024-09-18
916,Kayley Clitherow,5043714339,2024-08-31
917,Irvine Flemming,1548273250,2024-03-31
918,Ilene Lait,2822237699,2024-10-06
919,Arney Kepe,2681630717,2024-03-08
920,Clayborne Maxstead,8322771876,2023-12-06
921,Carny Maginn,9897940382,2024-07-11
922,Stephani Devonport,2353730678,2024-02-13
923,Samuel Dupey,9852464170,2024-02-02
924,Edee Cantua,4624214735,2024-01-25
925,Mahmoud McGillivray,2172860271,2023-11-28
926,Gert Sharpe,4052423791,2024-04-17
927,Meagan Burnapp,9541735278,2024-04-05
928,Mariann Potzold,5586287582,2024-10-12
929,Bibby Thomton,5271438113,2024-10-08
930,Symon Clack,7834966815,2024-01-21
931,Ines Bullion,7604650973,2024-07-01
932,Bennie Bullan,5516347461,2024-01-10
933,Hildegaard Ralfe,1009209719,2024-09-06
934,Ettore Dracksford,5806210230,2024-03-19
935,Suzette Fibbens,9152020325,2024-06-08
936,Pennie Frediani,9532959175,2024-03-25
937,Marcelline Zold,5287623711,2024-09-30
938,Marice Blaydon,1871659509,2024-07-26
939,Lane Bubbings,9144233113,2024-01-28
940,Darin Cudmore,8247270321,2023-11-13
941,Lisetta Bunker,7493442145,2024-02-13
942,Bern Rutty,4717728747,2024-09-01
943,Drew Du Fray,4309500742,2024-04-02
944,Dru Iacovuzzi,7532846905,2024-01-12
945,Bertina Fowlie,7481403927,2024-06-25
946,Rorie Lackner,1163734413,2023-10-23
947,Latisha Ellicock,9512107472,2024-08-14
948,Huntlee Kirstein,7513753143,2024-03-05
949,Arel Cresswell,6559986217,2023-11-03
950,Lee Sabbins,3285607218,2024-02-20
951,Olivia Thurlow,2133982742,2024-02-29
952,Oralee Bradnum,6879750003,2024-04-06
953,Eartha Maty,4671308885,2024-06-05
954,Konstanze Reany,3735688904,2024-08-03
955,Dona Cabena,3145293988,2023-11-15
956,Illa Woodison,7165750503,2023-10-03
957,Ransell Fawckner,3565523630,2024-07-12
958,Katina Willmott,7085639798,2024-04-14
959,Fred Luisetti,1089622005,2024-02-13
960,Dulcine Fawloe,5322460864,2024-02-11
961,Trudy Ayerst,4881951326,2023-11-22
962,Heidi Carwithim,9199785756,2024-03-12
963,Hamlen Pinching,7524498449,2024-08-17
964,Emerson Kull,3349469816,2024-02-19
965,Damon Raden,6335151017,2024-09-23
966,Francklyn Loosemore,2037542391,2023-10-19
967,Shirley Blaxeland,5354607322,2024-10-17
968,Tim Gwillim,4672838247,2024-04-04
969,Dorian Ableson,6625005872,2024-07-19
970,Tami Digginson,3454900403,2023-12-02
971,Candie Udie,5767570344,2023-10-03
972,Huey Maddick,7254517488,2024-06-27
973,Hillyer Mazonowicz,2537515430,2024-06-17
974,Arlinda Mabon,6587524882,2024-06-10
975,Lindy Scones,9394220367,2023-11-29
976,Esmaria Govier,2889828793,2024-04-14
977,Michal Cubberley,1849831930,2024-04-20
978,Ramonda Imm,8231586488,2024-07-28
979,Anya MacSween,2182077128,2023-11-17
980,Falkner Knudsen,8372461243,2024-05-18
981,Emerson Blannin,7799458976,2024-05-12
982,Vitia Bertouloume,3815925601,2024-09-30
983,Trudy Malt,2312402202,2024-06-08
984,Karen Rowswell,7612762837,2024-04-15
985,Jess Jurasz,3188920450,2024-06-19
986,Erl Northam,6729767091,2024-06-19
987,Lucien Lawler,1343769397,2024-03-18
988,Hermann Fenkel,6469374204,2024-09-16
989,Isabeau Ellacombe,1969120090,2024-05-08
990,Dahlia Lucius,4328275939,2024-07-23
991,Beth Stopps,9652080631,2024-05-29
992,Umberto Fearnyough,6162498467,2024-10-17
993,Stephan Ciric,2767184454,2024-03-29
994,Francisco Ransome,5588591854,2023-12-24
995,Jacinda McGaugan,5743191704,2024-05-24
996,Nestor Aysik,5318867782,2024-04-10
997,Nicolas Hyndman,9165920723,2024-07-25
998,Paulo Seabon,2909898707,2024-09-09
999,Rhody De La Cote,3639533063,2024-10-06
1000,Ginni Gibbin,5271070973,2024-06-23
